text,sentiment,probability
#俄乌之战会改变国际格局吗#？当地时间26日，美国和欧盟、英国及加拿大等发表联合声明，宣布禁止俄罗斯的几家主要银行使用环球银行金融电信协会(SWIFT)国际结算系统，作为针对俄罗斯的最新制裁手段。什么是“SWIFT”，这一制裁有何影响？俄乌战争又会对国际政治经济产生怎样的影响？ ...全文,1,0.5895741
#将俄罗斯踢出SWIFT对全球各方有何影响#官方约稿，美欧Swift剔除俄罗斯的影响，对资本市场的影响（上）：分（上、中、下）三篇来跟大家说清楚。一、对于俄罗斯来讲是核弹级别的影响，彻底把俄罗斯的能源交易也都卡死了。 1、这才是美国人想要的！这样俄罗斯人就卖不了原油了，因为你卖了 ...全文,1,0.60840976
突发：乌克兰外交部长表示，塞浦路斯改变主意，将不会阻止把俄罗斯踢出SWIFT 的决定。这个差不多最后一个欧洲国家阻力没了。#swift# 明天早上拜登很可能宣布把俄罗斯踢出swift，俄罗斯会变成大号朝鲜。 正式预告的微博视频 ,1,0.5726147
【#专家称金融核弹SWIFT威力或不波及俄罗斯天然气# 专家：欧盟或仍保持从俄罗斯购买天然气的支付渠道】复旦大学金融研究院研究员董希淼表示，值得注意的是，此次美欧宣布的制裁只是将俄罗斯几家，而不是全部的金融机构踢出SWIFT系统，这可能意味着欧盟仍然保持了从俄罗斯购买天然气的支付渠道。众所周 ...全文,1,0.516454
观察人士认为：普京和俄罗斯败局已定。SWIFT剔除俄罗斯的“金融核打击”效果立现，普京被迫孤注一掷，直接怼上核威慑和身家性命，这足以证明他无计可施，无法接受失败的事实；他图谋乌克兰去军事化、泽连斯基政府垮台和扶持亲俄政权，三大目标全部泡汤。俄罗斯气数已尽，面临再次解体。冲突各方只剩一 ...全文,1,0.5239884
中俄贸易将成功绕开美元和Swift结算系统，今日俄罗斯2月27日报道，俄罗斯多家银行已经接入中国跨境银行间支付系统CIPS，这表示中俄贸易将使用人民币进行交易。俄罗斯当然希望中国的银行也能加入俄罗斯的金融支付系统SPFS，如果中俄贸易同时使用这两套系统，人民币和卢布结算将加速，不仅可以解决俄 ...全文,0,0.45075634
普京：俄罗斯战略威慑力量转入特殊战备状态。想起了多年前普京说的一句话，“如果俄罗斯没有了，还要世界何用？” /@机械金刚人:小马/@冠宸 :法国代表西方阵营率先使用了核武器攻击。——把俄罗斯从SWIFT国际支付体系中踢出去，制裁俄罗斯的王牌之一，法国财政将此称之为“金融核武器”。,0,0.49865845
#美欧宣布禁止俄部分银行使用SWIFT#此次美英等国禁止俄罗斯使用SWIFT意味着对俄罗斯的制裁从政治、军事、经济领域蔓延到金融领域。 央视财经的微博视频 ,1,0.56793267
#量化对冲基金#投资管理公司Farr Miller &amp; Washton：对俄制裁冲击欧洲经济复苏公司创始人、CEO Michael Farr认为，市场不断寻找超预期，但如果这意味着国际贸易放缓，这可能是一个不容易消化的意外。将俄罗斯剔出SWIFT意味着欧美是认真的，此举将削弱俄罗斯在世界各地执行交易的能力，切断他们与大多 ...全文,0,0.47639918
【SWIFT是啥？#金融核弹#威力多大？制裁对俄罗斯影响几何？】“金融核弹”来了！美国、欧盟、英国、加拿大等共同宣布用SWIFT来制裁俄罗斯。SWIFT，环球银行金融电信协会系统，它把全球的跨境支付交易结算变得方便，让全球贸易更加顺畅，从这次的制裁细节来看，“金融核弹”并没有对俄罗斯进行“无差别 ...全文,1,0.5507902
现在SWIFT系统踢出的只是俄罗斯少数几家银行，并不是所有银行，还可以用其它银行结算，不会也不可能把俄罗斯完全排除在市场外，没人想吃核弹。 ,0,0.48013735
说一下大盘和二级先说一下俄罗斯和乌克兰局势消息第一据新华社消息，美国白宫26日发表声明说，为应对俄罗斯在乌克兰境内采取军事行动，美国与欧盟委员会、德国、法国、英国、意大利、加拿大领导人决定将部分俄罗斯银行排除在环球银行金融电信协会（SWIFT）支付系统之外 这个逼迫俄罗斯短时间会寻求 ...全文,1,0.50224525
评论员朱文晖：西方切断部分俄罗斯银行的swift，普京为何顶得住？柊行的微博视频 ,0,0.49211296
我的投资历程#关注俄乌局势最新进展# 美国和欧盟、英国及加拿大等多个国家于27日宣布，禁止俄罗斯几家主要银行使用“环球银行金融电信协会”支付系统(SWIFT)。虽然此次禁用名单中只涉及部分俄罗斯银行，对俄罗斯的影响并没有人们想象的那么严重，但是必然会促使俄罗斯加快通过其他方式进行跨境 ...全文,1,0.58425015
#量化对冲基金#【专家称金融核弹SWIFT威力或不波及俄罗斯天然气】复旦大学金融研究院研究员董希淼表示，值得注意的是，此次美欧宣布的制裁只是将俄罗斯几家，而不是全部的金融机构踢出SWIFT系统，这可能意味着欧盟仍然保持了从俄罗斯购买天然气的支付渠道。众所周知，欧盟多数国家在能源上高度依赖俄罗 ...全文,1,0.63399106
#战争#【周末金融核弹引爆了，官媒点名炒作，中央会议定调了！】这个周末，即便你不关心战争，也被俄乌战争局势刷屏了！欧美把俄罗斯踢出swift，目前全世界被切断只有三个：朝鲜、伊朗、俄罗斯，说是“金融核弹”并不为过！但美欧英还是留了后路，只是限制罗斯部分银行，石油天然气等能源依然可以交 ...全文,0,0.491087
【#蜀黍说市#俄乌冲突与我们的股市生活】俄乌冲突又有了最新进展：美国、欧盟、英国发布对俄制裁联合声明——美国及其盟国承诺将选定的俄罗斯银行从SWIFT（环球银行金融电信协会）系统中移出；承诺对俄罗斯央行的外汇储备实施制裁。此举被称为“金融核弹”。如果俄罗斯被SWIFT拒之门外，其从石油和天 ...全文,1,0.57031864
#欧洲五国先后宣布对俄航班关闭领空##将俄罗斯踢出SWIFT对全球各方有何影响# 为什么还要激化矛盾，不停的拱火、激怒、挑衅，非要升级战争等级，搞成第三次世界大战，才满意么？兔子被逼急了都会咬人的，战争升级后，动用了核武，这个世界没有赢家！俄罗斯希望北约不要扩张，要有军事隔离带；美国每天就 ...全文,0,0.48878542
#凤凰新闻#【欧洲方面 暂时还离不开俄罗斯】作者：斯文的樊学长校稿：朝乾/编辑：养乐多如今西方试图把俄罗斯银行踢出SWIFT国际结算系统，给俄罗斯的金融、国际贸易致命一击。但是这类制裁“放过”了能源交易。...欧洲方面 暂时还离不开俄罗斯来自@凤凰新闻客户端 ,0,0.49124655
#将俄罗斯踢出SWIFT对全球各方有何影响# 如禁令不留余地，欧洲与俄罗斯的能源交易只能去美元化，那将是美元霸权瓦解的开始。#美媒称若俄罗斯入侵乌克兰就制裁中国# 一图看懂金融“核武器”SWIFT是什么？@新浪财经 一图看懂金融“核武器”SWIFT是什么？ ,1,0.5745931
国际直球对决 2022-02-27郭正亮+雷倩:美元瓦解!SWIFT剔出俄罗斯，加速能源交易去美元化 大家直接访问论坛网址qimila.cool即可! ,1,0.54024744
网友们都幼稚的很，你就问问小米OV，他们如果没有SWIFT，能卖一件货给俄罗斯不，这不是闹么。。。 ,0,0.49448076
#俄乌谈判#【#俄乌会谈一天之内为何多次反复#？直播解读！】目前，乌克兰首都基辅战况如何？#俄乌正式会谈#能否顺利开启？将俄罗斯部分银行排除出SWIFT，是否是美欧对俄发动的“金融核战”？一边不断给俄乌谈判“浇冷水”，一边加紧给乌克兰塞武器，美国操控乌克兰局势背后有哪些企图？看↓ ...全文,1,0.55225223
#将俄罗斯踢出SWIFT对全球各方有何影响# 俄罗斯主要出口产品就是石油天然气和小麦，这也是对俄罗斯影响最大的领域。看下图是什么2月4号签的不得不说老普有远见呐！ ,1,0.61440223
今天直播中有一个观点我提出了反对意见就是：如果美国用SWIFT制裁俄罗斯的话，不会对数字人民币产生利好。我来总结一下观点：1.数字人民币的本质就是把传统货币从纸质改为纯数字载体，其性质与人民币一样。2.数字货币所带来的好处是可以精确精准的追查资金流向，以及更加可靠的安全性，更便于管理 ...全文,1,0.5429446
基金对俄罗斯祭出SWIFT，我们有大国重器CIPS！一方面，提升人民币结算需求，加速人民币国际化进程。下周数字货币又要涨。此前，市场预期美欧等国并不会考虑使用禁用SWIFT这一制裁工具，但周末美欧决定将选定的俄罗斯银行从SWIFT系统中移出。此举将大幅增强对俄制裁效果，但也加速人民币 ...全文,0,0.49407455
#将俄罗斯踢出SWIFT对全球各方有何影响#如果是一般的小国家，这是灭顶之灾，但对俄罗斯这样的国家来讲，SWIFT这么干，无疑是给这个在美帝主导下已经呈现败相的国际结算业务宣布了死亡倒计时。同时，这也坚定了我们要加快开展人民币国际结算体系的建设。个人判断，中俄两国元首在冬奥会期间对会晤，可能 ...全文,1,0.5719114
周日，德国总理舒尔茨宣布了一个“五点计划：包括将重要的俄罗斯银行排除在 SWIFT 之外；将向特种武装部队基金投入 1000 亿欧元（1130 亿美元），从现在起将国防开支保持在 GDP 的 2% 以上；减少对个别能源供应商进口的依赖，促进可再生能源的发展，针对高能源价格，制定相应的救济方案，包括今年取消 ...全文,1,0.53049624
周末新闻的热点依然在俄乌冲突上，战事趋于焦灼，短期内没有定论，但西方对于俄罗斯的打击却扑面而来。最大的新闻是：美国与欧盟、英国和加拿大发表共同声明，宣布禁止俄罗斯几家主要银行使用环球同业银行金融电讯协会（SWIFT）国际结算系统。一些国家将俄罗斯从SWIFT系统切断的工作已经开始，这一举 ...全文,0,0.49539948
俄罗斯被踢出SWIFT，美欧金融核弹会吓退普京么？世界经济会受哪些影响？#俄乌战争##为什么实施swift禁令会很严重# 北京 李光斗的微博视频 ,0,0.49858117
以下内容转述自北大经济学教授 曹和平：把俄罗斯剔除出国际支付体系，美国的损失比俄罗斯更大（1）如果美国把俄罗斯踢出swift国际汇兑体系，俄罗斯还有欧洲支付体系和中国等双边国家支付体系可用。俄罗斯人经过仔细测算，这一制裁并不致命。（2）美国人把俄罗斯踢出国际支付体系，将使美元损失一个整 ...全文,1,0.5058045
#美国与欧盟禁止俄罗斯使用SWIFT##被禁用SWIFT对俄罗斯意味着什么#国际制裁又会对俄罗斯经济造成怎样的影响呢？咱先说这美欧对俄罗斯的制裁到底都有啥？欧盟呢说削弱俄罗斯的经济基础和现代化能力，具体的做法呢，就是要将俄罗斯啊从这Swift国际支付系统中踢出去，并且禁止俄罗斯使用美元结算，同时还 ...全文,1,0.571839
#将俄罗斯踢出SWIFT对全球各方有何影响# 美国那边准备禁止俄罗斯使用Swift支付系统，利好相关金融IT和数字货币的概念。外媒报道是把部分俄罗斯银行踢出这个结算系统，也就是留了一些下来，我想这些留下来的很可能是欧洲用来买俄罗斯天然气的。这个是目前为止全世界最安全、最便捷、最重要的跨境支付系 ...全文,1,0.57310146
俄罗斯被踢出SWIFT系统，等于在全世界范围内，判了俄罗斯经济的死刑。你让俄罗斯普通老百姓没活路了呀。 因为你被孤立了。整个地球村，你要被大家孤立，这其实是一件相当可怕的事情。 但欧美也没下死手，还是留有余地的。听我继续讲这个SWIFT系统。 中国共有4700家银行。 但中国的工商银行，建行 ...全文,1,0.5234675
俄罗斯部分银行被剔除SWIFT国际银行结算体系，应该在俄罗斯的预料之内，他们的底气除了能源出口的特殊性之外，很重要的一点是有别的结算方式可以替代。在这方面伊朗作为“先行者”很有发言权，中石油有一家金融机构叫昆仑银行，专精国际能源的人民币结算，伊朗这种情况正中下怀，当然昆仑银行也因此 ...全文,0,0.43760747
【#美欧宣布禁止俄罗斯使用SWIFT#】当地时间26日深夜，美国、英国、欧洲和加拿大发表联合声明，宣布对俄最新制裁：禁止俄使用SWIFT（“环球银行金融电信协会”支付系统），限制俄罗斯央行的国际储备。这些制裁措施将在未来几天开始实施。为何此举被称为“向俄罗斯丢下‘金融核弹’”？#SWIFT是什么#？ ...全文,1,0.5750572
禁掉俄罗斯的 Swift 接入，其实也是给像中国 CIPS 之类支付系统的一次机会，搞不好是有机会撼动美元霸主地位的（指走向多元 ,0,0.46140003
今日A股目前“环球银行金融电信协会”系统拥有约1.1万成员，其中包括近300家俄罗斯银行。如果这些俄罗斯银行被移除出这一系统，占俄罗斯财政总收入40%以上的石油和天然气出口收益将被切断，其经济会立即受到重大影响，包括本国货币大幅波动，以及大量资本的外逃。把俄罗斯逐出SWIFT系统将是 ...全文,1,0.5241691
以大熊为代表的一群傻子，只知道分析SWIFT断连对俄罗斯出口的影响，却彻底没看到对俄罗斯进口的影响。不出意料的话，俄罗斯很快会遭遇非常严重的物资短缺，国内老百姓生活会受到很大影响。有人说中国给供货，但中国供货也得通过SWIFT收钱啊。。。实际点，咱还是别说啥CIPS的吧，现在顶不上。 ,1,0.5532753
【#西方为何突然对俄放出金融核弹#？】在俄军迫近基辅之际，欧美终于放出“大招”，美加、法德意英等联合声明，将俄罗斯银行从SWIFT剔除。就在48小时之前，美国和欧盟的态度还并非如此。拜登曾说“这不是欧洲国家希望的立场”，而欧盟内部也存在明显分歧。为何西方对俄的态度转变如此之快？制裁的升级 ...全文,1,0.50230145
日本首相岸田文雄表示支持西方国家切断俄罗斯银行接入SWIFT支付系统的决定，同时日本将对俄罗斯总统普京实施制裁，并向乌克兰提供1亿美元的紧急人道主义援助。 ,0,0.45210755
#关注俄乌局势最新进展##拜登说制裁俄罗斯或发动第三次世界大战# 美国总统拜登在接受自媒体人Brian Tyler Cohen采访中称有两个选项，“第一是发动第三次世界大战，和俄罗斯直接打仗。或者让这种严重违反国际法的国家付出应有的代价。”当地时间26日深夜，#美欧宣布禁止俄罗斯使用SWIFT#（“环球银行金 ...全文,0,0.4435817
SWIFT大招！美欧向俄罗斯投的“金融核弹”。来看看这张图，你就会明白！#将俄罗斯踢出swift对全球各方有何影响# ,1,0.5625402
#将俄罗斯踢出SWIFT对全球各方有何影响#？金融核弹SWIFT威力有多大？听M+Lady《瑶钱术》主理人@宁瑶Lois 的分析,1,0.51401263
日本首相岸田文雄：作为制裁手段，日本政府已决定对包括普京在内的俄罗斯政府官员进行资产冻结。同时，应美国和欧洲国家的要求，日本也加入将多家俄罗斯银行排除在SWIFT系统之外的行动。 . ,0,0.48835766
【#美欧将部分俄银行排除出SWIFT# #金融核弹能否伤到俄罗斯#？】在反复犹豫之后，美欧终于发表联合声明，使出所谓的“杀手锏”，宣布禁止俄罗斯使用环球同业银行金融电讯协会系统，也就是俗称的SWIFT，制裁措施将在未来几天落地。目前，SWIFT里面包括了近300家俄罗斯银行，它们一旦被移出系统，俄方一 ...全文,1,0.56343937
【美国、英国、欧洲、加拿大、日本将阻止俄罗斯接入SWIFT系统 】路透纽约2月27日 - 美国、英国、欧洲、加拿大、日本周六都表示要采取行动，阻止俄罗斯接入SWIFT国际支付系统，作为对俄罗斯新一轮制裁的部分举措，此前俄罗斯继续对乌克兰发动攻击。SWIFT是世界上主要的国际支付网络。以下是分析师观点 ...全文,1,0.53161484
#普京向以总理证实俄准备与乌对话#刚看到新闻swift拒绝俄罗斯三百多家银行（好像是这么说的）然后教授分析了一下 真的恐怖 等于是切断了对外贸易 就算内部外汇储备再多也没用 ,1,0.50857186
俄罗斯被移出swift国际结算系统.利好中国主导的CIPS跨境支付 ，数字人民币.未雨绸缪，其实中国早对老美的毒招有应对方案了，虽然现在还不成熟.目前进入5浪下跌阶段，大的下跌没有了.个股还比较活跃，但国际形势动荡不安+老美加息未落地，缺乏稳定持续上涨的客观条件.所以，哥建议现阶段还是观望为宜，目前 ...全文,0,0.46722648
